user_id,degree_centrality,betweenness_centrality,closeness_centrality,eigenvector_centrality,pagerank,name,screen_name,followers_count,friends_count,statuses_count,influencer_score,community
2455740283,1.0,0.0,0.0,3.682442476909351e-11,0.09912745127504638,MrBeast,MrBeast,32595981.0,2102.0,7179.0,-0.6764081337781003,0
44196397,1.0,0.0,0.25,3.30315090178769e-08,0.12019212746506688,Kekius Maximus,elonmusk,219783702.0,1133.0,78795.0,0.10648988278987231,0
236699098,1.0,0.0,0.5,1.4831147549026727e-05,0.15424664130589047,Kylie Jenner,KylieJenner,39368130.0,921.0,14480.0,-0.4358287655396924,0
155659213,1.0,0.0,0.75,0.004444400548858335,0.219801450657675,Cristiano Ronaldo,Cristiano,115157981.0,74.0,4290.0,0.002994777343766606,0
813286,1.0,0.0,1.0,0.999990123493126,0.4066323292963215,Barack Obama,BarackObama,129917074.0,511591.0,17271.0,1.002752239184154,0
